<?xml version="1.0" encoding="UTF-8"?>
<project-private xmlns="http://www.netbeans.org/ns/project-private/1">
    <editor-bookmarks xmlns="http://www.netbeans.org/ns/editor-bookmarks/2" lastBookmarkId="0"/>
    <open-files xmlns="http://www.netbeans.org/ns/projectui-open-files/2">
        <group>
            <file>file:/C:/Users/sw/Desktop/3/nbproject/project.properties</file>
            <file>file:/C:/Users/sw/Desktop/3/nbproject/private/private.xml</file>
            <file>file:/C:/Users/sw/Desktop/3/Gruntfile.js</file>
            <file>file:/C:/Users/sw/Desktop/3/bower.json</file>
            <file>file:/C:/Users/sw/Desktop/3/nbproject/project.xml</file>
            <file>file:/C:/Users/sw/Desktop/3/.bowerrc</file>
            <file>file:/C:/Users/sw/Desktop/3/package.json</file>
            <file>file:/C:/Users/sw/Desktop/3/public_html/index.html</file>
            <file>file:/C:/Users/sw/Desktop/3/gulpfile.js</file>
            <file>file:/C:/Users/sw/Desktop/3/nbproject/private/private.properties</file>
        </group>
    </open-files>
</project-private>
